<mujoco model="test">
    <compiler angle="radian" autolimits="true" />
    <option timestep="0.002" gravity="0 0 -9.81" wind="0 0 0" integrator="implicitfast" density="1.225" 
    viscosity="1.8e-5"/>
    <visual>
        <global realtime="1"/>
        <quality shadowsize="16384" numslices="28" offsamples="4" />
        <headlight diffuse="2 2 2" specular="0.5 0.5 0.5" active="1" />
        <rgba fog="0 1 0 1" haze="1 0 0 1"/>
    </visual>
    <asset>

        <mesh name="part0" file="0/model.obj" scale="0.3 0.3 0.3" />
        <texture type="2d" name="part0_tex" file="0/material_0.png" />
        <material name="part0_img" texture="part0_tex" />

        <mesh name="part1" file="1/model.obj" scale="0.3 0.3 0.3" />
        <texture type="2d" name="part1_tex" file="1/material_0.png" />
        <material name="part1_img" texture="part1_tex" />

        <mesh name="part2" file="2/model.obj" scale="0.3 0.3 0.3" />
        <texture type="2d" name="part2_tex" file="2/material_0.png" />
        <material name="part2_img" texture="part2_tex" />

        <mesh name="part3" file="3/model.obj" scale="0.3 0.3 0.3" />
        <texture type="2d" name="part3_tex" file="3/material_0.png" />
        <material name="part3_img" texture="part3_tex" />

        <mesh name="part4" file="4/model.obj" scale="0.3 0.3 0.3" />
        <texture type="2d" name="part4_tex" file="4/material_0.png" />
        <material name="part4_img" texture="part4_tex" />

        <mesh name="part5" file="5/model.obj" scale="0.3 0.3 0.3" />
        <texture type="2d" name="part5_tex" file="5/material_0.png" />
        <material name="part5_img" texture="part5_tex" />

        <mesh name="part6" file="6/model.obj" scale="0.3 0.3 0.3" />
        <texture type="2d" name="part6_tex" file="6/material_0.png" />
        <material name="part6_img" texture="part6_tex" />

        <mesh name="part7" file="7/model.obj" scale="0.3 0.3 0.3" />
        <texture type="2d" name="part7_tex" file="7/material_0.png" />
        <material name="part7_img" texture="part7_tex" />

        <mesh name="part8" file="8/model.obj" scale="0.3 0.3 0.3" />
        <texture type="2d" name="part8_tex" file="8/material_0.png" />
        <material name="part8_img" texture="part8_tex" />

        <mesh name="part9" file="9/model.obj" scale="0.3 0.3 0.3" />
        <texture type="2d" name="part9_tex" file="9/material_0.png" />
        <material name="part9_img" texture="part9_tex" />

        <mesh name="part10" file="10/model.obj" scale="0.3 0.3 0.3" />
        <texture type="2d" name="part10_tex" file="10/material_0.png" />
        <material name="part10_img" texture="part10_tex" />

        <mesh name="part11" file="11/model.obj" scale="0.3 0.3 0.3" />
        <texture type="2d" name="part11_tex" file="11/material_0.png" />
        <material name="part11_img" texture="part11_tex" />

        <mesh name="part12" file="12/model.obj" scale="0.3 0.3 0.3" />
        <texture type="2d" name="part12_tex" file="12/material_0.png" />
        <material name="part12_img" texture="part12_tex" />

        <mesh name="part13" file="13/model.obj" scale="0.3 0.3 0.3" />
        <texture type="2d" name="part13_tex" file="13/material_0.png" />
        <material name="part13_img" texture="part13_tex" />

        <mesh name="part14" file="14/model.obj" scale="0.3 0.3 0.3" />
        <texture type="2d" name="part14_tex" file="14/material_0.png" />
        <material name="part14_img" texture="part14_tex" />
        <texture type="skybox" file="./desert.png"
            gridsize="3 4" gridlayout=".U..LFRB.D.." />
        <texture name="plane" type="2d" builtin="checker" rgb1=".1 .1 .1" rgb2=".5 .5 .5"
            width="512" height="512" mark="cross" markrgb=".8 .8 .8" />
        <material name="plane" reflectance="0.3" texture="plane" texrepeat="1 1" texuniform="true" />
    </asset>

    <default>
        <geom solref=".5e-4" solimp="0.9 0.99 1e-4" fluidcoef="0.5 0.25 0.5 2.0 1.0" />

        <default class="part0">
            <geom type="mesh" mesh="part0"  density="650" fluidshape="ellipsoid" contype="1"
                conaffinity="1" />
        </default>

        <default class="part1">
            <geom type="mesh" mesh="part1"  density="650" fluidshape="ellipsoid" contype="1"
                conaffinity="1" />
        </default>

        <default class="part2">
            <geom type="mesh" mesh="part2"  density="650" fluidshape="ellipsoid" contype="1"
                conaffinity="1" />
        </default>

        <default class="part3">
            <geom type="mesh" mesh="part3"  density="650" fluidshape="ellipsoid" contype="1"
                conaffinity="1" />
        </default>

        <default class="part4">
            <geom type="mesh" mesh="part4"  density="650" fluidshape="ellipsoid" contype="1"
                conaffinity="1" />
        </default>

        <default class="part5">
            <geom type="mesh" mesh="part5"  density="650" fluidshape="ellipsoid" contype="1"
                conaffinity="1" />
        </default>

        <default class="part6">
            <geom type="mesh" mesh="part6"  density="650" fluidshape="ellipsoid" contype="1"
                conaffinity="1" />
        </default>

        <default class="part7">
            <geom type="mesh" mesh="part7"  density="650" fluidshape="ellipsoid" contype="1"
                conaffinity="1" />
        </default>

        <default class="part8">
            <geom type="mesh" mesh="part8"  density="7800" fluidshape="ellipsoid" contype="1"
                conaffinity="1" />
        </default>

        <default class="part9">
            <geom type="mesh" mesh="part9"  density="7500" fluidshape="ellipsoid" contype="1"
                conaffinity="1" />
        </default>

        <default class="part10">
            <geom type="mesh" mesh="part10"  density="7800" fluidshape="ellipsoid" contype="1"
                conaffinity="1" />
        </default>

        <default class="part11">
            <geom type="mesh" mesh="part11"  density="650" fluidshape="ellipsoid" contype="1"
                conaffinity="1" />
        </default>

        <default class="part12">
            <geom type="mesh" mesh="part12"  density="7800" fluidshape="ellipsoid" contype="1"
                conaffinity="1" />
        </default>

        <default class="part13">
            <geom type="mesh" mesh="part13"  density="7800" fluidshape="ellipsoid" contype="1"
                conaffinity="1" />
        </default>

        <default class="part14">
            <geom type="mesh" mesh="part14"  density="7800" fluidshape="ellipsoid" contype="1"
                conaffinity="1" />
        </default>
    </default>

    <worldbody>
        <geom name="floor" pos="0 0 0" size="0 0 .25" type="plane" material="plane"
            condim="6" />
        <light directional="true" ambient=".3 .3 .3" pos="30 30 30" dir="0 -2 -1"
            diffuse=".5 .5 .5" specular=".5 .5 .5" />
        <body name='base' pos="0 0 1" euler="0 90 0">
            <freejoint />
            <geom class="part0" material="part0_img"/>
            <geom class="part1" material="part1_img"/>
            <geom class="part2" material="part2_img"/>
            <geom class="part3" material="part3_img"/>
            <geom class="part4" material="part4_img"/>
            <geom class="part5" material="part5_img"/>
            <geom class="part6" material="part6_img"/>
            <geom class="part9" material="part9_img"/>
            <geom class="part10" material="part10_img"/>
            <geom class="part13" material="part13_img"/>
            <geom class="part14" material="part14_img"/>

            <body name='part' pos="0 0 0" euler="0 0 0">
                <joint type="slide" name="slide0"  axis="0 0 1" range=" 0 0.6" damping="0.001"
                    frictionloss="0.0" stiffness="0"/>

                <geom class="part11" material="part11_img"/>
                <geom class="part12" material="part12_img"/>
             </body>

             <body name='part2' pos="0 0 0" euler="0 0 0">
                <joint type="slide" name="slide1" axis="0 0 1" range="0 0.6" damping="0.001"
                    frictionloss="0.0" stiffness="0"/>

                <geom class="part7" material="part7_img"/>
                <geom class="part8" material="part8_img"/>
             </body>            
        </body>
    </worldbody>
</mujoco>